06/03/21 12:09 AM,007 INFO scripts.BatchBoxCounting: boxCountingDurationResult:1,1.12224408784403,0.557931384843871
06/03/21 12:09 AM,450 INFO scripts.BatchBoxCounting: boxCountingDurationResult:2,1.26071194944227,0.548281338525579
06/03/21 12:09 AM,821 INFO scripts.BatchBoxCounting: boxCountingDurationResult:3,1.2138698501366,0.454520090826519
06/03/21 12:09 AM,903 INFO scripts.BatchBoxCounting: boxCountingDurationResult:4,1.5058716909119,0.257554989790199
06/03/21 12:10 AM,190 INFO scripts.BatchBoxCounting: boxCountingDurationResult:5,1.67138932541945,0.354720829407891
06/03/21 12:10 AM,123 INFO scripts.BatchBoxCounting: boxCountingDurationResult:6,1.72032141589681,1.0572784458427
06/03/21 12:10 AM,682 INFO scripts.BatchBoxCounting: boxCountingDurationResult:7,1.26252608931181,0.320924855528746
06/03/21 12:10 AM,493 INFO scripts.BatchBoxCounting: boxCountingDurationResult:8,1.20469546806885,0.700468986477019
06/03/21 12:10 AM,530 INFO scripts.BatchBoxCounting: boxCountingDurationResult:9,1.70024033592795,0.573411641784543
06/03/21 12:10 AM,908 INFO scripts.BatchBoxCounting: boxCountingDurationResult:10,1.71758011455439,0.558583641642375
06/03/21 12:10 AM,772 INFO scripts.BatchBoxCounting: boxCountingDurationResult:11,1.85021985907055,0.943452312274457
06/03/21 12:10 AM,414 INFO scripts.BatchBoxCounting: boxCountingDurationResult:12,1.83195692105799,1.24442961115418
06/03/21 12:10 AM,863 INFO scripts.BatchBoxCounting: boxCountingDurationResult:13,1.75170335619502,1.29630669351229
06/03/21 12:10 AM,302 INFO scripts.BatchBoxCounting: boxCountingDurationResult:14,1.47874554741786,0.669335013124251
06/03/21 12:10 AM,128 INFO scripts.BatchBoxCounting: boxCountingDurationResult:15,1.7328799815028,0.899930458629975
06/03/21 12:10 AM,206 INFO scripts.BatchBoxCounting: boxCountingDurationResult:16,1.74107163336043,1.22342320143259
06/03/21 12:10 AM,067 INFO scripts.BatchBoxCounting: boxCountingDurationResult:17,1.77858064863287,1.14754382420798
06/03/21 12:10 AM,471 INFO scripts.BatchBoxCounting: boxCountingDurationResult:18,1.76635615786444,1.08200198651743
06/03/21 12:10 AM,305 INFO scripts.BatchBoxCounting: boxCountingDurationResult:19,1.82210182645192,1.54326568035914
06/03/21 12:10 AM,636 INFO scripts.BatchBoxCounting: boxCountingDurationResult:20,1.67584687519702,0.49669297324233
06/03/21 12:10 AM,915 INFO scripts.BatchBoxCounting: boxCountingDurationResult:21,1.79403891892616,0.858793531528327
06/03/21 12:10 AM,355 INFO scripts.BatchBoxCounting: boxCountingDurationResult:22,1.80101800704005,1.33845536215516
06/03/21 12:10 AM,147 INFO scripts.BatchBoxCounting: boxCountingDurationResult:23,1.79640133964698,1.29252178857697
06/03/21 12:10 AM,060 INFO scripts.BatchBoxCounting: boxCountingDurationResult:24,1.57469536718987,1.25966212983177
06/03/21 12:10 AM,888 INFO scripts.BatchBoxCounting: boxCountingDurationResult:25,1.95344529780426,1.52412445578128
06/03/21 12:10 AM,098 INFO scripts.BatchBoxCounting: boxCountingDurationResult:26,1.78571608132461,1.11813508293165
06/03/21 12:10 AM,839 INFO scripts.BatchBoxCounting: boxCountingDurationResult:27,1.55869598632387,0.8928815211262
06/03/21 12:10 AM,626 INFO scripts.BatchBoxCounting: boxCountingDurationResult:28,1.72971580931865,0.900987395998987
06/03/21 12:10 AM,389 INFO scripts.BatchBoxCounting: boxCountingDurationResult:29,1.80869198920677,1.17578387931971
06/03/21 12:10 AM,137 INFO scripts.BatchBoxCounting: boxCountingDurationResult:30,1.7496853777388,0.834062751157567
06/03/21 12:10 AM,909 INFO scripts.BatchBoxCounting: boxCountingDurationResult:31,1.60783176222161,1.05041873735262
06/03/21 12:10 AM,829 INFO scripts.BatchBoxCounting: boxCountingDurationResult:32,1.76214223338967,1.36676171707049
06/03/21 12:10 AM,514 INFO scripts.BatchBoxCounting: boxCountingDurationResult:33,1.31504012485077,0.656006438221131
06/03/21 12:11 AM,258 INFO scripts.BatchBoxCounting: boxCountingDurationResult:34,1.53632916122952,0.396252773284101
06/03/21 12:11 AM,717 INFO scripts.BatchBoxCounting: boxCountingDurationResult:35,1.65863335875875,1.12896920019043
06/03/21 12:11 AM,042 INFO scripts.BatchBoxCounting: boxCountingDurationResult:36,1.62386303242163,1.12576246199909
06/03/21 12:11 AM,796 INFO scripts.BatchBoxCounting: boxCountingDurationResult:37,1.56598844314618,1.45061767548001
06/03/21 12:11 AM,399 INFO scripts.BatchBoxCounting: boxCountingDurationResult:38,1.83780407902286,1.35346121988346
06/03/21 12:11 AM,150 INFO scripts.BatchBoxCounting: boxCountingDurationResult:39,1.67971411571749,1.17085690165031
06/03/21 12:11 AM,885 INFO scripts.BatchBoxCounting: boxCountingDurationResult:40,1.52244120553551,0.656118648158675
06/03/21 12:11 AM,691 INFO scripts.BatchBoxCounting: boxCountingDurationResult:41,1.43368111571094,1.0312628527499
06/03/21 12:11 AM,500 INFO scripts.BatchBoxCounting: boxCountingDurationResult:42,1.75863784660479,1.3304123859623
06/03/21 12:11 AM,320 INFO scripts.BatchBoxCounting: boxCountingDurationResult:43,1.85021985907055,1.57986190083115
06/03/21 12:11 AM,054 INFO scripts.BatchBoxCounting: boxCountingDurationResult:44,1.68922124442021,0.575885399833764
06/03/21 12:11 AM,852 INFO scripts.BatchBoxCounting: boxCountingDurationResult:45,1.79433504287841,0.864424155436017
06/03/21 12:11 AM,121 INFO scripts.BatchBoxCounting: boxCountingDurationResult:46,1.76576185145754,1.32047400395078
06/03/21 12:11 AM,851 INFO scripts.BatchBoxCounting: boxCountingDurationResult:47,1.8169125159352,1.2957560674492
06/03/21 12:11 AM,734 INFO scripts.BatchBoxCounting: boxCountingDurationResult:48,1.95344529780426,1.64509989052426
06/03/21 12:11 AM,534 INFO scripts.BatchBoxCounting: boxCountingDurationResult:49,1.68734695681998,0.49889507779163
06/03/21 12:11 AM,252 INFO scripts.BatchBoxCounting: boxCountingDurationResult:50,1.79222970765542,0.510311127678455
06/03/21 12:11 AM,027 INFO scripts.BatchBoxCounting: boxCountingDurationResult:51,1.76576185145754,1.43612519617987
06/03/21 12:11 AM,771 INFO scripts.BatchBoxCounting: boxCountingDurationResult:52,1.81985318454725,1.14820779474429
06/03/21 12:11 AM,680 INFO scripts.BatchBoxCounting: boxCountingDurationResult:53,1.95344529780426,1.61638197629188
06/03/21 12:11 AM,453 INFO scripts.BatchBoxCounting: boxCountingDurationResult:54,1.70524007931745,0.626940530830581
06/03/21 12:11 AM,165 INFO scripts.BatchBoxCounting: boxCountingDurationResult:55,1.72527923288295,1.37565860425789
06/03/21 12:11 AM,574 INFO scripts.BatchBoxCounting: boxCountingDurationResult:56,1.76504653162907,1.20222626219792
06/03/21 12:11 AM,298 INFO scripts.BatchBoxCounting: boxCountingDurationResult:57,1.80861491861639,1.29442509962339
06/03/21 12:11 AM,681 INFO scripts.BatchBoxCounting: boxCountingDurationResult:58,1.92706282343785,1.57853301362788
06/03/21 12:11 AM,431 INFO scripts.BatchBoxCounting: boxCountingDurationResult:59,1.70416308028486,0.633193526697911
06/03/21 12:11 AM,176 INFO scripts.BatchBoxCounting: boxCountingDurationResult:60,1.79635988633315,1.26031271434343
06/03/21 12:11 AM,945 INFO scripts.BatchBoxCounting: boxCountingDurationResult:61,1.83793549845968,1.35878205793731
06/03/21 12:11 AM,695 INFO scripts.BatchBoxCounting: boxCountingDurationResult:62,1.82359402296476,1.22713496147355
06/03/21 12:11 AM,488 INFO scripts.BatchBoxCounting: boxCountingDurationResult:63,1.91822391498068,1.51496861863004
06/03/21 12:11 AM,222 INFO scripts.BatchBoxCounting: boxCountingDurationResult:64,1.69549255441551,0.677637080970817
06/03/21 12:11 AM,977 INFO scripts.BatchBoxCounting: boxCountingDurationResult:65,1.80413442128353,1.15255072300802
06/03/21 12:11 AM,691 INFO scripts.BatchBoxCounting: boxCountingDurationResult:66,1.76576185145754,1.32263894922344
06/03/21 12:11 AM,101 INFO scripts.BatchBoxCounting: boxCountingDurationResult:67,1.81746846960154,1.15026690443762
06/03/21 12:11 AM,978 INFO scripts.BatchBoxCounting: boxCountingDurationResult:68,1.91822391498068,1.66488870320076
06/03/21 12:11 AM,135 INFO scripts.BatchBoxCounting: boxCountingDurationResult:69,1.47651752486668,0.489959123577926
06/03/21 12:11 AM,560 INFO scripts.BatchBoxCounting: boxCountingDurationResult:70,1.80861491861639,0.93252276317644
06/03/21 12:11 AM,270 INFO scripts.BatchBoxCounting: boxCountingDurationResult:71,1.76297944777046,1.44789545965693
06/03/21 12:11 AM,130 INFO scripts.BatchBoxCounting: boxCountingDurationResult:72,1.91715531020989,1.57629803916675
06/03/21 12:11 AM,850 INFO scripts.BatchBoxCounting: boxCountingDurationResult:73,1.71502452772019,0.651964072014931
06/03/21 12:11 AM,287 INFO scripts.BatchBoxCounting: boxCountingDurationResult:74,1.74824739817863,1.04738444127889
06/03/21 12:11 AM,028 INFO scripts.BatchBoxCounting: boxCountingDurationResult:75,1.83793549845968,1.48823024524285
06/03/21 12:11 AM,735 INFO scripts.BatchBoxCounting: boxCountingDurationResult:76,1.71524276406818,1.34249435335409
06/03/21 12:11 AM,572 INFO scripts.BatchBoxCounting: boxCountingDurationResult:77,1.91822391498068,1.6443567746012
06/03/21 12:11 AM,305 INFO scripts.BatchBoxCounting: boxCountingDurationResult:78,1.71071068174658,0.595759258865912
06/03/21 12:11 AM,995 INFO scripts.BatchBoxCounting: boxCountingDurationResult:79,1.79497952015209,0.88242163130379
06/03/21 12:12 AM,737 INFO scripts.BatchBoxCounting: boxCountingDurationResult:80,1.76576185145754,1.3230065095978
06/03/21 12:12 AM,517 INFO scripts.BatchBoxCounting: boxCountingDurationResult:81,1.81655460973398,0.988740307609894
06/03/21 12:12 AM,424 INFO scripts.BatchBoxCounting: boxCountingDurationResult:82,1.92509697361825,1.47047219203443
06/03/21 12:12 AM,132 INFO scripts.BatchBoxCounting: boxCountingDurationResult:83,1.47238648702539,0.772119179989414
06/03/21 12:12 AM,840 INFO scripts.BatchBoxCounting: boxCountingDurationResult:84,1.68336220762165,0.949389433995247
06/03/21 12:12 AM,517 INFO scripts.BatchBoxCounting: boxCountingDurationResult:85,1.57729781826623,0.89847957471826
06/03/21 12:12 AM,228 INFO scripts.BatchBoxCounting: boxCountingDurationResult:86,1.58403841387118,0.594354141001207
06/03/21 12:12 AM,964 INFO scripts.BatchBoxCounting: boxCountingDurationResult:87,1.69622860197177,1.0100512790375
06/03/21 12:12 AM,718 INFO scripts.BatchBoxCounting: boxCountingDurationResult:88,1.81231115380028,1.3952541564451
06/03/21 12:12 AM,388 INFO scripts.BatchBoxCounting: boxCountingDurationResult:89,1.7328799815028,1.15230259296323
06/03/21 12:12 AM,206 INFO scripts.BatchBoxCounting: boxCountingDurationResult:90,1.8364206273174,1.57073717515665
06/03/21 12:12 AM,908 INFO scripts.BatchBoxCounting: boxCountingDurationResult:91,1.71097322742929,0.627337276493711
06/03/21 12:12 AM,706 INFO scripts.BatchBoxCounting: boxCountingDurationResult:92,1.74824739817863,1.08547739775076
06/03/21 12:12 AM,275 INFO scripts.BatchBoxCounting: boxCountingDurationResult:93,1.83793549845968,1.4059745656074
06/03/21 12:12 AM,987 INFO scripts.BatchBoxCounting: boxCountingDurationResult:94,1.82676476720076,1.34614537924116
06/03/21 12:12 AM,978 INFO scripts.BatchBoxCounting: boxCountingDurationResult:95,1.91822391498068,1.56719661143252
06/03/21 12:12 AM,641 INFO scripts.BatchBoxCounting: boxCountingDurationResult:96,1.75041672446942,0.629014886130875
06/03/21 12:12 AM,330 INFO scripts.BatchBoxCounting: boxCountingDurationResult:97,1.76874615252337,0.974414359725098
06/03/21 12:12 AM,069 INFO scripts.BatchBoxCounting: boxCountingDurationResult:98,1.7332518336564,0.937276622444798
06/03/21 12:12 AM,828 INFO scripts.BatchBoxCounting: boxCountingDurationResult:99,1.66900116221068,1.17340858144969
06/03/21 12:12 AM,662 INFO scripts.BatchBoxCounting: boxCountingDurationResult:100,1.81542143107023,1.47378193286249
06/03/21 12:12 AM,360 INFO scripts.BatchBoxCounting: boxCountingDurationResult:101,1.6872353374215,0.5970934293258
06/03/21 12:12 AM,087 INFO scripts.BatchBoxCounting: boxCountingDurationResult:102,1.79248125036058,1.0095654006401
06/03/21 12:12 AM,772 INFO scripts.BatchBoxCounting: boxCountingDurationResult:103,1.83479687559417,1.38824448090185
06/03/21 12:12 AM,455 INFO scripts.BatchBoxCounting: boxCountingDurationResult:104,1.74656795951574,1.17446442651282
06/03/21 12:12 AM,339 INFO scripts.BatchBoxCounting: boxCountingDurationResult:105,1.88853537926773,1.59788441177437
06/03/21 12:12 AM,152 INFO scripts.BatchBoxCounting: boxCountingDurationResult:106,1.6787784779813,0.57085682519826
06/03/21 12:12 AM,804 INFO scripts.BatchBoxCounting: boxCountingDurationResult:107,1.76431598410588,0.394049496556348
06/03/21 12:12 AM,576 INFO scripts.BatchBoxCounting: boxCountingDurationResult:108,1.80122496372499,1.3681780014057
06/03/21 12:12 AM,338 INFO scripts.BatchBoxCounting: boxCountingDurationResult:109,1.75146871008306,1.41570535061987
06/03/21 12:12 AM,144 INFO scripts.BatchBoxCounting: boxCountingDurationResult:110,1.89803455725554,1.56047535545534
06/03/21 12:12 AM,829 INFO scripts.BatchBoxCounting: boxCountingDurationResult:111,1.41141989369581,0.633696951836722
06/03/21 12:12 AM,523 INFO scripts.BatchBoxCounting: boxCountingDurationResult:112,1.7088288768976,1.02175059870047
06/03/21 12:12 AM,175 INFO scripts.BatchBoxCounting: boxCountingDurationResult:113,1.68153887906346,1.32379390254909
06/03/21 12:12 AM,875 INFO scripts.BatchBoxCounting: boxCountingDurationResult:114,1.9036774610288,1.60773294063295
06/03/21 12:12 AM,599 INFO scripts.BatchBoxCounting: boxCountingDurationResult:115,1.75946103242647,1.68094035599872
06/03/21 12:12 AM,264 INFO scripts.BatchBoxCounting: boxCountingDurationResult:116,1.64776817394068,0.85517489033452
06/03/21 12:12 AM,950 INFO scripts.BatchBoxCounting: boxCountingDurationResult:117,1.79433504287841,1.16660550345342
06/03/21 12:12 AM,650 INFO scripts.BatchBoxCounting: boxCountingDurationResult:118,1.74252159032994,1.37814290433592
06/03/21 12:12 AM,329 INFO scripts.BatchBoxCounting: boxCountingDurationResult:119,1.88384591649327,1.34928765111394
06/03/21 12:12 AM,079 INFO scripts.BatchBoxCounting: boxCountingDurationResult:120,1.95344529780426,1.73924475128483
06/03/21 12:12 AM,845 INFO scripts.BatchBoxCounting: boxCountingDurationResult:121,1.9036774610288,1.65960285885893
06/03/21 12:12 AM,619 INFO scripts.BatchBoxCounting: boxCountingDurationResult:122,1.89539225197048,1.77336448347746
06/03/21 12:12 AM,284 INFO scripts.BatchBoxCounting: boxCountingDurationResult:123,1.43944785141349,1.27942416509267
06/03/21 12:12 AM,920 INFO scripts.BatchBoxCounting: boxCountingDurationResult:124,1.76295429423093,0.66875415011832
06/03/21 12:12 AM,621 INFO scripts.BatchBoxCounting: boxCountingDurationResult:125,1.76576185145754,1.03247280885533
06/03/21 12:12 AM,319 INFO scripts.BatchBoxCounting: boxCountingDurationResult:126,1.79940111498004,1.28955358402662
06/03/21 12:12 AM,058 INFO scripts.BatchBoxCounting: boxCountingDurationResult:127,1.95344529780426,1.57285157872944
06/03/21 12:12 AM,794 INFO scripts.BatchBoxCounting: boxCountingDurationResult:128,1.89417051418671,1.53795222241209
06/03/21 12:12 AM,592 INFO scripts.BatchBoxCounting: boxCountingDurationResult:129,1.89330892321669,1.59315773031815
06/03/21 12:12 AM,277 INFO scripts.BatchBoxCounting: boxCountingDurationResult:130,1.55437406060752,0.693066361837715
06/03/21 12:12 AM,991 INFO scripts.BatchBoxCounting: boxCountingDurationResult:131,1.70982814437849,0.829126450586207
06/03/21 12:12 AM,719 INFO scripts.BatchBoxCounting: boxCountingDurationResult:132,1.73348996125124,1.28482557052794
06/03/21 12:12 AM,388 INFO scripts.BatchBoxCounting: boxCountingDurationResult:133,1.76635615786444,1.11010280283289
06/03/21 12:12 AM,158 INFO scripts.BatchBoxCounting: boxCountingDurationResult:134,1.8924166621523,1.47666074349384
06/03/21 12:12 AM,928 INFO scripts.BatchBoxCounting: boxCountingDurationResult:135,1.85021985907055,1.48562513171619
06/03/21 12:12 AM,754 INFO scripts.BatchBoxCounting: boxCountingDurationResult:136,1.95344529780426,1.60781591210922
06/03/21 12:12 AM,412 INFO scripts.BatchBoxCounting: boxCountingDurationResult:137,1.69934214645828,0.537425600780219
06/03/21 12:12 AM,101 INFO scripts.BatchBoxCounting: boxCountingDurationResult:138,1.79433504287841,0.985394033782346
06/03/21 12:12 AM,836 INFO scripts.BatchBoxCounting: boxCountingDurationResult:139,1.76576185145754,1.32178319381191
06/03/21 12:12 AM,572 INFO scripts.BatchBoxCounting: boxCountingDurationResult:140,1.82131341212912,1.3983988565523
06/03/21 12:12 AM,336 INFO scripts.BatchBoxCounting: boxCountingDurationResult:141,1.95344529780426,1.53601741253551
06/03/21 12:12 AM,106 INFO scripts.BatchBoxCounting: boxCountingDurationResult:142,1.9036774610288,1.7013611957493
06/03/21 12:12 AM,961 INFO scripts.BatchBoxCounting: boxCountingDurationResult:143,1.99739792378211,1.75991071494506
06/03/21 12:12 AM,811 INFO scripts.BatchBoxCounting: boxCountingDurationResult:144,1.98032728685878,1.7577100129641
06/03/21 12:12 AM,627 INFO scripts.BatchBoxCounting: boxCountingDurationResult:145,1.99806938250564,1.76822061457676
06/03/21 12:12 AM,297 INFO scripts.BatchBoxCounting: boxCountingDurationResult:146,1.69825742477875,0.438022804017812
06/03/21 12:12 AM,014 INFO scripts.BatchBoxCounting: boxCountingDurationResult:147,1.80070889980119,0.785521964729127
06/03/21 12:12 AM,756 INFO scripts.BatchBoxCounting: boxCountingDurationResult:148,1.76576185145754,1.45317402709577
06/03/21 12:12 AM,489 INFO scripts.BatchBoxCounting: boxCountingDurationResult:149,1.81834568274249,0.910438958681838
06/03/21 12:12 AM,309 INFO scripts.BatchBoxCounting: boxCountingDurationResult:150,1.95344529780426,1.457528158562
06/03/21 12:12 AM,170 INFO scripts.BatchBoxCounting: boxCountingDurationResult:151,1.94355842095681,1.69034780666883
06/03/21 12:12 AM,962 INFO scripts.BatchBoxCounting: boxCountingDurationResult:152,1.99763611336323,1.71900462402363
06/03/21 12:12 AM,885 INFO scripts.BatchBoxCounting: boxCountingDurationResult:153,1.99903486806732,1.72211768217945
06/03/21 12:12 AM,755 INFO scripts.BatchBoxCounting: boxCountingDurationResult:154,1.99786788248379,1.60466526093256
06/03/21 12:12 AM,425 INFO scripts.BatchBoxCounting: boxCountingDurationResult:155,1.64470034955869,0.489139398686966
06/03/21 12:12 AM,104 INFO scripts.BatchBoxCounting: boxCountingDurationResult:156,1.56111412970551,0.901170005909962
06/03/21 12:12 AM,758 INFO scripts.BatchBoxCounting: boxCountingDurationResult:157,1.77220743186479,1.22565818884131
06/03/21 12:13 AM,574 INFO scripts.BatchBoxCounting: boxCountingDurationResult:158,1.86635806058243,1.38792036971749
06/03/21 12:13 AM,368 INFO scripts.BatchBoxCounting: boxCountingDurationResult:159,1.89911162857472,1.61695863757701
06/03/21 12:13 AM,100 INFO scripts.BatchBoxCounting: boxCountingDurationResult:160,1.89911162857472,1.51002789510085
06/03/21 12:13 AM,727 INFO scripts.BatchBoxCounting: boxCountingDurationResult:161,1.69707179054435,0.579688357563759
06/03/21 12:13 AM,388 INFO scripts.BatchBoxCounting: boxCountingDurationResult:162,1.79433504287841,1.04826904057509
06/03/21 12:13 AM,165 INFO scripts.BatchBoxCounting: boxCountingDurationResult:163,1.76576185145754,1.35899767332257
06/03/21 12:13 AM,867 INFO scripts.BatchBoxCounting: boxCountingDurationResult:164,1.82119779582059,1.41487485818665
06/03/21 12:13 AM,651 INFO scripts.BatchBoxCounting: boxCountingDurationResult:165,1.95344529780426,1.53532732087709
06/03/21 12:13 AM,514 INFO scripts.BatchBoxCounting: boxCountingDurationResult:166,1.98032728685878,1.85761844526464
06/03/21 12:13 AM,325 INFO scripts.BatchBoxCounting: boxCountingDurationResult:167,1.99821842434799,1.8054836437472
06/03/21 12:13 AM,122 INFO scripts.BatchBoxCounting: boxCountingDurationResult:168,1.95344529780426,1.77806113216983
06/03/21 12:13 AM,958 INFO scripts.BatchBoxCounting: boxCountingDurationResult:169,1.99831520255859,1.90524750315881
06/03/21 12:13 AM,602 INFO scripts.BatchBoxCounting: boxCountingDurationResult:170,1.5352457230778,0.476595472215823
06/03/21 12:13 AM,311 INFO scripts.BatchBoxCounting: boxCountingDurationResult:171,1.80614799652208,1.01765710719074
06/03/21 12:13 AM,097 INFO scripts.BatchBoxCounting: boxCountingDurationResult:172,1.76576185145754,1.36074018175898
06/03/21 12:13 AM,781 INFO scripts.BatchBoxCounting: boxCountingDurationResult:173,1.70568933590095,1.35310656760302
06/03/21 12:13 AM,486 INFO scripts.BatchBoxCounting: boxCountingDurationResult:174,1.91822391498068,1.62400142543254
06/03/21 12:13 AM,298 INFO scripts.BatchBoxCounting: boxCountingDurationResult:175,1.99903486806732,1.83867690941107
06/03/21 12:13 AM,163 INFO scripts.BatchBoxCounting: boxCountingDurationResult:176,1.96299785507573,1.68549839386169
06/03/21 12:13 AM,045 INFO scripts.BatchBoxCounting: boxCountingDurationResult:177,1.99903486806732,1.78107375335265
06/03/21 12:13 AM,846 INFO scripts.BatchBoxCounting: boxCountingDurationResult:178,1.99115780301682,1.81361259135582
06/03/21 12:13 AM,472 INFO scripts.BatchBoxCounting: boxCountingDurationResult:179,1.53939534890345,0.753316106972627
06/03/21 12:13 AM,145 INFO scripts.BatchBoxCounting: boxCountingDurationResult:180,1.57523057067531,1.07223120935054
06/03/21 12:13 AM,833 INFO scripts.BatchBoxCounting: boxCountingDurationResult:181,1.65951409047417,1.23939521943021
06/03/21 12:13 AM,502 INFO scripts.BatchBoxCounting: boxCountingDurationResult:182,1.36735481011292,0.991503531466665
06/03/21 12:13 AM,174 INFO scripts.BatchBoxCounting: boxCountingDurationResult:183,1.7262318168751,1.31230891584421
06/03/21 12:13 AM,959 INFO scripts.BatchBoxCounting: boxCountingDurationResult:184,1.80034771349287,1.42486845995498
06/03/21 12:13 AM,673 INFO scripts.BatchBoxCounting: boxCountingDurationResult:185,1.80726560138542,1.40948454847884
06/03/21 12:13 AM,396 INFO scripts.BatchBoxCounting: boxCountingDurationResult:186,1.7262318168751,1.37176783568833
06/03/21 12:13 AM,067 INFO scripts.BatchBoxCounting: boxCountingDurationResult:187,1.69729956994138,0.710784076892451
06/03/21 12:13 AM,787 INFO scripts.BatchBoxCounting: boxCountingDurationResult:188,1.83824498845975,1.04281768410346
06/03/21 12:13 AM,465 INFO scripts.BatchBoxCounting: boxCountingDurationResult:189,1.8351769959759,1.37784847726611
06/03/21 12:13 AM,140 INFO scripts.BatchBoxCounting: boxCountingDurationResult:190,1.82319090301362,1.46412571136598
06/03/21 12:13 AM,960 INFO scripts.BatchBoxCounting: boxCountingDurationResult:191,1.91822391498068,1.63852811025423
06/03/21 12:13 AM,761 INFO scripts.BatchBoxCounting: boxCountingDurationResult:192,1.9554819743694,1.82548589598943
06/03/21 12:13 AM,611 INFO scripts.BatchBoxCounting: boxCountingDurationResult:193,1.97684638121121,1.7588843171887
06/03/21 12:13 AM,389 INFO scripts.BatchBoxCounting: boxCountingDurationResult:194,1.8536429362654,1.70570568102844
06/03/21 12:13 AM,424 INFO scripts.BatchBoxCounting: boxCountingDurationResult:195,1.97684638121121,1.76755522860876
06/03/21 12:13 AM,113 INFO scripts.BatchBoxCounting: boxCountingDurationResult:196,1.70443448131106,0.621505415186024
06/03/21 12:13 AM,801 INFO scripts.BatchBoxCounting: boxCountingDurationResult:197,1.80391222798297,0.898696178276262
06/03/21 12:13 AM,502 INFO scripts.BatchBoxCounting: boxCountingDurationResult:198,1.76576185145754,1.38610356268763
06/03/21 12:13 AM,162 INFO scripts.BatchBoxCounting: boxCountingDurationResult:199,1.70233701990734,1.34136656063984
06/03/21 12:13 AM,980 INFO scripts.BatchBoxCounting: boxCountingDurationResult:200,1.91822391498068,1.62125635825774
06/03/21 12:13 AM,769 INFO scripts.BatchBoxCounting: boxCountingDurationResult:201,1.99912360016071,1.94317726864913
06/03/21 12:13 AM,566 INFO scripts.BatchBoxCounting: boxCountingDurationResult:202,1.99067625734783,1.84831203605786
06/03/21 12:13 AM,459 INFO scripts.BatchBoxCounting: boxCountingDurationResult:203,1.99905705723101,1.78822114902354
06/03/21 12:13 AM,365 INFO scripts.BatchBoxCounting: boxCountingDurationResult:204,1.92854020139907,1.63885378799963
06/03/21 12:13 AM,045 INFO scripts.BatchBoxCounting: boxCountingDurationResult:205,1.6375679084099,0.650287490928707
06/03/21 12:13 AM,767 INFO scripts.BatchBoxCounting: boxCountingDurationResult:206,1.52021402332414,1.10963180564724
06/03/21 12:13 AM,505 INFO scripts.BatchBoxCounting: boxCountingDurationResult:207,1.66096404744368,1.33530550484153
06/03/21 12:13 AM,163 INFO scripts.BatchBoxCounting: boxCountingDurationResult:208,1.79657842846621,0.922620596543159
06/03/21 12:13 AM,912 INFO scripts.BatchBoxCounting: boxCountingDurationResult:209,1.80726560138542,1.31754392530668
06/03/21 12:13 AM,672 INFO scripts.BatchBoxCounting: boxCountingDurationResult:210,1.66096404744368,1.60321816083971
06/03/21 12:13 AM,394 INFO scripts.BatchBoxCounting: boxCountingDurationResult:211,1.81769522683363,1.57370741706654
06/03/21 12:13 AM,119 INFO scripts.BatchBoxCounting: boxCountingDurationResult:212,1.80726560138542,1.51099988719357
06/03/21 12:13 AM,756 INFO scripts.BatchBoxCounting: boxCountingDurationResult:213,1.53116517553739,0.685748494433039
06/03/21 12:13 AM,431 INFO scripts.BatchBoxCounting: boxCountingDurationResult:214,1.71023979903177,0.64534322145977
06/03/21 12:13 AM,088 INFO scripts.BatchBoxCounting: boxCountingDurationResult:215,1.83762569302513,1.19507090392777
06/03/21 12:13 AM,799 INFO scripts.BatchBoxCounting: boxCountingDurationResult:216,1.74911281020337,1.04548660459814
06/03/21 12:13 AM,603 INFO scripts.BatchBoxCounting: boxCountingDurationResult:217,1.92238472639257,1.52732442943696
06/03/21 12:13 AM,357 INFO scripts.BatchBoxCounting: boxCountingDurationResult:218,1.91960779776864,1.73211617117574
06/03/21 12:13 AM,183 INFO scripts.BatchBoxCounting: boxCountingDurationResult:219,1.8272084175171,1.5634440764475
06/03/21 12:13 AM,975 INFO scripts.BatchBoxCounting: boxCountingDurationResult:220,1.88246309479721,1.5824724100663
06/03/21 12:13 AM,784 INFO scripts.BatchBoxCounting: boxCountingDurationResult:221,1.91390951230866,1.70667537913776
06/03/21 12:13 AM,430 INFO scripts.BatchBoxCounting: boxCountingDurationResult:222,1.39067985676233,0.502395723158054
06/03/21 12:13 AM,078 INFO scripts.BatchBoxCounting: boxCountingDurationResult:223,1.25828776287045,0.516600798038319
06/03/21 12:13 AM,777 INFO scripts.BatchBoxCounting: boxCountingDurationResult:224,1.08496250072116,1.01526347872758
06/03/21 12:13 AM,440 INFO scripts.BatchBoxCounting: boxCountingDurationResult:225,1.41714325553918,0.801740385444456
06/03/21 12:13 AM,113 INFO scripts.BatchBoxCounting: boxCountingDurationResult:226,1.33294124805236,0.755684217392951
06/03/21 12:13 AM,795 INFO scripts.BatchBoxCounting: boxCountingDurationResult:227,1.33056342875467,0.769283683072023
06/03/21 12:13 AM,411 INFO scripts.BatchBoxCounting: boxCountingDurationResult:228,1.59379025030462,1.07783879609956
06/03/21 12:13 AM,076 INFO scripts.BatchBoxCounting: boxCountingDurationResult:229,1.62028027201768,1.2535470036208
06/03/21 12:13 AM,727 INFO scripts.BatchBoxCounting: boxCountingDurationResult:230,1.79312482610571,0.747919077138314
06/03/21 12:13 AM,419 INFO scripts.BatchBoxCounting: boxCountingDurationResult:231,1.76576185145754,1.39010895874678
06/03/21 12:13 AM,079 INFO scripts.BatchBoxCounting: boxCountingDurationResult:232,1.81297086402755,1.29687861716316
06/03/21 12:13 AM,737 INFO scripts.BatchBoxCounting: boxCountingDurationResult:233,1.59491227944,1.3188354442902
06/03/21 12:13 AM,527 INFO scripts.BatchBoxCounting: boxCountingDurationResult:234,1.95344529780426,1.42823393985714
06/03/21 12:13 AM,180 INFO scripts.BatchBoxCounting: boxCountingDurationResult:235,1.84076204603325,1.62556684917453
06/03/21 12:13 AM,811 INFO scripts.BatchBoxCounting: boxCountingDurationResult:236,1.79087452995893,0.817174606643173
06/03/21 12:14 AM,527 INFO scripts.BatchBoxCounting: boxCountingDurationResult:237,1.74252159032994,1.40936394261285
06/03/21 12:14 AM,206 INFO scripts.BatchBoxCounting: boxCountingDurationResult:238,1.78910086314307,1.17966189252388
06/03/21 12:14 AM,871 INFO scripts.BatchBoxCounting: boxCountingDurationResult:239,1.58886168600135,1.21732612003211
06/03/21 12:14 AM,618 INFO scripts.BatchBoxCounting: boxCountingDurationResult:240,1.86618394121388,1.42228802329526
06/03/21 12:14 AM,303 INFO scripts.BatchBoxCounting: boxCountingDurationResult:241,1.90172760259145,1.20372580530653
06/03/21 12:14 AM,945 INFO scripts.BatchBoxCounting: boxCountingDurationResult:242,1.75892248590354,0.759813377037812
06/03/21 12:14 AM,599 INFO scripts.BatchBoxCounting: boxCountingDurationResult:243,1.71955581712884,1.31234654634076
06/03/21 12:14 AM,294 INFO scripts.BatchBoxCounting: boxCountingDurationResult:244,1.55989676007371,0.975861438309618
06/03/21 12:14 AM,930 INFO scripts.BatchBoxCounting: boxCountingDurationResult:245,1.58496250072116,1.29902110673689
06/03/21 12:14 AM,682 INFO scripts.BatchBoxCounting: boxCountingDurationResult:246,1.90906519592981,1.44247108309015
06/03/21 12:14 AM,350 INFO scripts.BatchBoxCounting: boxCountingDurationResult:247,1.67138631703697,1.53038630584844
06/03/21 12:14 AM,047 INFO scripts.BatchBoxCounting: boxCountingDurationResult:248,1.38562597689015,0.32481684767545
06/03/21 12:14 AM,726 INFO scripts.BatchBoxCounting: boxCountingDurationResult:249,1.70754247668217,1.24542284815626
06/03/21 12:14 AM,375 INFO scripts.BatchBoxCounting: boxCountingDurationResult:250,1.59945157214413,0.904887108737076
06/03/21 12:14 AM,097 INFO scripts.BatchBoxCounting: boxCountingDurationResult:251,1.74411691573079,1.53738777572075
06/03/21 12:14 AM,854 INFO scripts.BatchBoxCounting: boxCountingDurationResult:252,1.57716233252516,0.674135038491283
06/03/21 12:14 AM,522 INFO scripts.BatchBoxCounting: boxCountingDurationResult:253,1.60425998817129,1.15771216327315
06/03/21 12:14 AM,189 INFO scripts.BatchBoxCounting: boxCountingDurationResult:254,1.66073594809497,1.21380013870787
06/03/21 12:14 AM,852 INFO scripts.BatchBoxCounting: boxCountingDurationResult:255,1.59709736182428,1.16105384827518
06/03/21 12:14 AM,606 INFO scripts.BatchBoxCounting: boxCountingDurationResult:256,1.85021985907055,1.42536786761563
06/03/21 12:14 AM,288 INFO scripts.BatchBoxCounting: boxCountingDurationResult:257,1.79248125036058,1.62742436339316
06/03/21 12:14 AM,969 INFO scripts.BatchBoxCounting: boxCountingDurationResult:258,1.76393473626209,0.729689154380097
06/03/21 12:14 AM,623 INFO scripts.BatchBoxCounting: boxCountingDurationResult:259,1.74252159032994,1.55353631195112
06/03/21 12:14 AM,322 INFO scripts.BatchBoxCounting: boxCountingDurationResult:260,1.80083268829332,1.1656623642675
06/03/21 12:14 AM,089 INFO scripts.BatchBoxCounting: boxCountingDurationResult:261,1.95344529780426,1.64450941628119
06/03/21 12:14 AM,861 INFO scripts.BatchBoxCounting: boxCountingDurationResult:262,1.89214799147906,1.66374677349884
06/03/21 12:14 AM,607 INFO scripts.BatchBoxCounting: boxCountingDurationResult:263,1.89366082786488,1.77710554546013
06/03/21 12:14 AM,264 INFO scripts.BatchBoxCounting: boxCountingDurationResult:264,1.75797690375436,0.736381562880421
06/03/21 12:14 AM,976 INFO scripts.BatchBoxCounting: boxCountingDurationResult:265,1.76576185145754,1.41754667629755
06/03/21 12:14 AM,664 INFO scripts.BatchBoxCounting: boxCountingDurationResult:266,1.79111920197444,1.34137969726754
06/03/21 12:14 AM,376 INFO scripts.BatchBoxCounting: boxCountingDurationResult:267,1.57114694123255,1.27666003880268
06/03/21 12:14 AM,183 INFO scripts.BatchBoxCounting: boxCountingDurationResult:268,1.95344529780426,1.39037688477114
06/03/21 12:14 AM,888 INFO scripts.BatchBoxCounting: boxCountingDurationResult:269,1.91013191544233,1.25620493538077
06/03/21 12:14 AM,620 INFO scripts.BatchBoxCounting: boxCountingDurationResult:270,1.89387145103024,1.70770561138308
06/03/21 12:14 AM,321 INFO scripts.BatchBoxCounting: boxCountingDurationResult:271,1.78856004805004,0.780112913033126
06/03/21 12:14 AM,007 INFO scripts.BatchBoxCounting: boxCountingDurationResult:272,1.76576185145754,1.31975859870689
06/03/21 12:14 AM,680 INFO scripts.BatchBoxCounting: boxCountingDurationResult:273,1.80957565137356,1.45835614721897
06/03/21 12:14 AM,429 INFO scripts.BatchBoxCounting: boxCountingDurationResult:274,1.95344529780426,1.50067530826841
06/03/21 12:14 AM,234 INFO scripts.BatchBoxCounting: boxCountingDurationResult:275,1.92446242630873,1.554091677721
06/03/21 12:14 AM,008 INFO scripts.BatchBoxCounting: boxCountingDurationResult:276,1.92838459434992,1.59717094287745
06/03/21 12:14 AM,806 INFO scripts.BatchBoxCounting: boxCountingDurationResult:277,1.99650156725576,1.38912404264085
06/03/21 12:14 AM,769 INFO scripts.BatchBoxCounting: boxCountingDurationResult:278,1.97763888397161,1.59928205675631
06/03/21 12:14 AM,395 INFO scripts.BatchBoxCounting: boxCountingDurationResult:279,1.77540574936018,0.813872878450367
06/03/21 12:14 AM,049 INFO scripts.BatchBoxCounting: boxCountingDurationResult:280,1.74252159032994,1.38378181027966
06/03/21 12:14 AM,707 INFO scripts.BatchBoxCounting: boxCountingDurationResult:281,1.81805590792068,1.09179635366592
06/03/21 12:14 AM,389 INFO scripts.BatchBoxCounting: boxCountingDurationResult:282,1.57710032457464,1.34724883785778
06/03/21 12:14 AM,143 INFO scripts.BatchBoxCounting: boxCountingDurationResult:283,1.95344529780426,1.42402426382393
06/03/21 12:14 AM,835 INFO scripts.BatchBoxCounting: boxCountingDurationResult:284,1.91013191544233,1.22150336737902
06/03/21 12:14 AM,606 INFO scripts.BatchBoxCounting: boxCountingDurationResult:285,1.97720816429226,1.63704906617375
06/03/21 12:14 AM,349 INFO scripts.BatchBoxCounting: boxCountingDurationResult:286,1.97699246642689,1.65575164974635
06/03/21 12:14 AM,039 INFO scripts.BatchBoxCounting: boxCountingDurationResult:287,1.77072620142873,0.804899470145622
06/03/21 12:14 AM,761 INFO scripts.BatchBoxCounting: boxCountingDurationResult:288,1.76576185145754,1.34638128666321
06/03/21 12:14 AM,445 INFO scripts.BatchBoxCounting: boxCountingDurationResult:289,1.69324477064838,1.28803414259334
06/03/21 12:14 AM,244 INFO scripts.BatchBoxCounting: boxCountingDurationResult:290,1.95344529780426,1.41638113845025
06/03/21 12:14 AM,036 INFO scripts.BatchBoxCounting: boxCountingDurationResult:291,1.98592469219385,1.62974126786362
06/03/21 12:14 AM,826 INFO scripts.BatchBoxCounting: boxCountingDurationResult:292,1.9791061114717,1.60831625575007
06/03/21 12:14 AM,623 INFO scripts.BatchBoxCounting: boxCountingDurationResult:293,1.98732758780052,1.56736205319988
06/03/21 12:14 AM,429 INFO scripts.BatchBoxCounting: boxCountingDurationResult:294,1.92701711130622,1.60010666800296
06/03/21 12:14 AM,105 INFO scripts.BatchBoxCounting: boxCountingDurationResult:295,1.72611311266887,0.648129860755943
06/03/21 12:14 AM,807 INFO scripts.BatchBoxCounting: boxCountingDurationResult:296,1.70506883175859,1.10336213886788
06/03/21 12:14 AM,501 INFO scripts.BatchBoxCounting: boxCountingDurationResult:297,1.50364739187736,1.10208393286591
06/03/21 12:14 AM,156 INFO scripts.BatchBoxCounting: boxCountingDurationResult:298,1.57690266803951,1.34606073795279
06/03/21 12:14 AM,869 INFO scripts.BatchBoxCounting: boxCountingDurationResult:299,1.95344529780426,1.4117096935381
06/03/21 12:14 AM,524 INFO scripts.BatchBoxCounting: boxCountingDurationResult:300,1.83780407902286,1.45835080780698
06/03/21 12:14 AM,292 INFO scripts.BatchBoxCounting: boxCountingDurationResult:301,1.96072932849687,1.70100961170322
06/03/21 12:14 AM,987 INFO scripts.BatchBoxCounting: boxCountingDurationResult:302,1.95344529780426,1.48016514081724
06/03/21 12:14 AM,617 INFO scripts.BatchBoxCounting: boxCountingDurationResult:303,1.70761133012908,0.553607992956989
06/03/21 12:14 AM,274 INFO scripts.BatchBoxCounting: boxCountingDurationResult:304,1.77877817169025,1.18353764824588
06/03/21 12:14 AM,928 INFO scripts.BatchBoxCounting: boxCountingDurationResult:305,1.63076384205781,0.707665724872697
06/03/21 12:14 AM,617 INFO scripts.BatchBoxCounting: boxCountingDurationResult:306,1.81484021050518,1.56690363551686
06/03/21 12:14 AM,368 INFO scripts.BatchBoxCounting: boxCountingDurationResult:307,1.88695836516955,1.62042890667603
06/03/21 12:14 AM,095 INFO scripts.BatchBoxCounting: boxCountingDurationResult:308,1.90082097500318,1.58057471155078
06/03/21 12:14 AM,866 INFO scripts.BatchBoxCounting: boxCountingDurationResult:309,1.87359219043444,1.54515863032217
06/03/21 12:14 AM,545 INFO scripts.BatchBoxCounting: boxCountingDurationResult:310,1.7654265680498,1.03353227605395
06/03/21 12:14 AM,238 INFO scripts.BatchBoxCounting: boxCountingDurationResult:311,1.68472806694722,1.30815501276551
06/03/21 12:14 AM,940 INFO scripts.BatchBoxCounting: boxCountingDurationResult:312,1.71668357852167,1.29121897609516
06/03/21 12:14 AM,657 INFO scripts.BatchBoxCounting: boxCountingDurationResult:313,1.9036774610288,1.55155852066692
06/03/21 12:14 AM,445 INFO scripts.BatchBoxCounting: boxCountingDurationResult:314,1.85635902395977,1.58546292929684
06/03/21 12:14 AM,234 INFO scripts.BatchBoxCounting: boxCountingDurationResult:315,1.91514340626316,1.69572951173046
06/03/21 12:14 AM,904 INFO scripts.BatchBoxCounting: boxCountingDurationResult:316,1.7262318168751,1.02631691432491
06/03/21 12:14 AM,547 INFO scripts.BatchBoxCounting: boxCountingDurationResult:317,1.71796265230345,1.16180848154708
06/03/21 12:15 AM,188 INFO scripts.BatchBoxCounting: boxCountingDurationResult:318,1.64625464050182,0.928098150077768
06/03/21 12:15 AM,947 INFO scripts.BatchBoxCounting: boxCountingDurationResult:319,1.83439704576232,1.4485748079919
06/03/21 12:15 AM,634 INFO scripts.BatchBoxCounting: boxCountingDurationResult:320,1.79862041524979,1.32584601667925
06/03/21 12:15 AM,314 INFO scripts.BatchBoxCounting: boxCountingDurationResult:321,1.66096404744368,1.09487732849431
06/03/21 12:15 AM,005 INFO scripts.BatchBoxCounting: boxCountingDurationResult:322,1.58515957808463,1.17864718057082
06/03/21 12:15 AM,626 INFO scripts.BatchBoxCounting: boxCountingDurationResult:323,1.75389770084437,0.658727773012316
06/03/21 12:15 AM,273 INFO scripts.BatchBoxCounting: boxCountingDurationResult:324,1.52712441558656,1.23326820032792
06/03/21 12:15 AM,904 INFO scripts.BatchBoxCounting: boxCountingDurationResult:325,1.5912058687762,1.26893128278595
06/03/21 12:15 AM,554 INFO scripts.BatchBoxCounting: boxCountingDurationResult:326,1.53540221179285,1.22125225738701
06/03/21 12:15 AM,229 INFO scripts.BatchBoxCounting: boxCountingDurationResult:327,1.85021985907055,1.51929003772826
06/03/21 12:15 AM,914 INFO scripts.BatchBoxCounting: boxCountingDurationResult:328,1.79248125036058,1.46820742646002
06/03/21 12:15 AM,563 INFO scripts.BatchBoxCounting: boxCountingDurationResult:329,1.72483796819527,1.65963628699167
06/03/21 12:15 AM,190 INFO scripts.BatchBoxCounting: boxCountingDurationResult:330,1.22811459329947,0.594792055399313
06/03/21 12:15 AM,807 INFO scripts.BatchBoxCounting: boxCountingDurationResult:331,0.727839741888098,0.170507861169874
06/03/21 12:15 AM,447 INFO scripts.BatchBoxCounting: boxCountingDurationResult:332,1.65159538765826,0.868029083182256
06/03/21 12:15 AM,181 INFO scripts.BatchBoxCounting: boxCountingDurationResult:333,1.9036774610288,1.19242788359861
06/03/21 12:15 AM,863 INFO scripts.BatchBoxCounting: boxCountingDurationResult:334,1.79843071903939,1.0361978644673
06/03/21 12:15 AM,507 INFO scripts.BatchBoxCounting: boxCountingDurationResult:335,1.68336220762165,0.694345096516146
06/03/21 12:15 AM,155 INFO scripts.BatchBoxCounting: boxCountingDurationResult:336,1.79843071903939,0.501833847100298
06/03/21 12:15 AM,795 INFO scripts.BatchBoxCounting: boxCountingDurationResult:337,1.79843071903939,1.04027769804352
06/03/21 12:15 AM,441 INFO scripts.BatchBoxCounting: boxCountingDurationResult:338,1.39248125036058,1.44005356689694
06/03/21 12:15 AM,101 INFO scripts.BatchBoxCounting: boxCountingDurationResult:339,1.61589054861039,1.10388472812195
06/03/21 12:15 AM,738 INFO scripts.BatchBoxCounting: boxCountingDurationResult:340,1.34241129185478,0.981678763149489
06/03/21 12:15 AM,370 INFO scripts.BatchBoxCounting: boxCountingDurationResult:341,1.53125758953634,1.34819522199081
06/03/21 12:15 AM,214 INFO scripts.BatchBoxCounting: boxCountingDurationResult:342,1.94194783009143,0.904970762002892
06/03/21 12:15 AM,366 INFO scripts.BatchBoxCounting: boxCountingDurationResult:343,1.88441295323456,0.707962875804303
06/03/21 12:15 AM,044 INFO scripts.BatchBoxCounting: boxCountingDurationResult:344,1.81185963874736,1.14273189466039
06/03/21 12:15 AM,699 INFO scripts.BatchBoxCounting: boxCountingDurationResult:345,1.79248125036058,0.945148225108923
06/03/21 12:15 AM,343 INFO scripts.BatchBoxCounting: boxCountingDurationResult:346,1.80717700316442,1.25476642914441
06/03/21 12:15 AM,026 INFO scripts.BatchBoxCounting: boxCountingDurationResult:347,1.65543040495719,1.02006675671567
06/03/21 12:15 AM,707 INFO scripts.BatchBoxCounting: boxCountingDurationResult:348,1.72526300010912,1.32609830604362
06/03/21 12:15 AM,341 INFO scripts.BatchBoxCounting: boxCountingDurationResult:349,1.17194879649675,1.10533006391386
06/03/21 12:15 AM,005 INFO scripts.BatchBoxCounting: boxCountingDurationResult:350,1.75507467853833,0.730254967182334
06/03/21 12:15 AM,647 INFO scripts.BatchBoxCounting: boxCountingDurationResult:351,1.38776260216903,0.809071265885259
06/03/21 12:15 AM,346 INFO scripts.BatchBoxCounting: boxCountingDurationResult:352,1.75165310700453,0.998651921935564
06/03/21 12:15 AM,020 INFO scripts.BatchBoxCounting: boxCountingDurationResult:353,1.90172760259145,0.92158896926412
06/03/21 12:15 AM,780 INFO scripts.BatchBoxCounting: boxCountingDurationResult:354,1.96479291480855,1.54072415999854
06/03/21 12:15 AM,493 INFO scripts.BatchBoxCounting: boxCountingDurationResult:355,1.92646625064904,1.236623092841
06/03/21 12:15 AM,103 INFO scripts.BatchBoxCounting: boxCountingDurationResult:356,1.83536863651319,1.01396884507829
06/03/21 12:15 AM,735 INFO scripts.BatchBoxCounting: boxCountingDurationResult:357,1.78633058852582,1.23413106904208
06/03/21 12:15 AM,399 INFO scripts.BatchBoxCounting: boxCountingDurationResult:358,1.71662314809401,1.33081835083051
06/03/21 12:15 AM,084 INFO scripts.BatchBoxCounting: boxCountingDurationResult:359,1.79248125036058,1.41920915068928
06/03/21 12:15 AM,760 INFO scripts.BatchBoxCounting: boxCountingDurationResult:360,1.19632573566331,0.819760375046582
06/03/21 12:15 AM,398 INFO scripts.BatchBoxCounting: boxCountingDurationResult:361,1.55376810008968,1.15920752764886
06/03/21 12:15 AM,073 INFO scripts.BatchBoxCounting: boxCountingDurationResult:362,1.53855695197096,0.571665380753632
06/03/21 12:15 AM,903 INFO scripts.BatchBoxCounting: boxCountingDurationResult:363,1.75640929950396,0.964930919599534
06/03/21 12:15 AM,670 INFO scripts.BatchBoxCounting: boxCountingDurationResult:364,1.92646625064904,1.29469368904897
06/03/21 12:15 AM,337 INFO scripts.BatchBoxCounting: boxCountingDurationResult:365,1.30697434458086,0.881457170191944
06/03/21 12:15 AM,972 INFO scripts.BatchBoxCounting: boxCountingDurationResult:366,1.2159030360339,0.961149629617954
06/03/21 12:15 AM,617 INFO scripts.BatchBoxCounting: boxCountingDurationResult:367,0.490605914077365,0.163504293481516
06/03/21 12:15 AM,236 INFO scripts.BatchBoxCounting: boxCountingDurationResult:368,0.490605914077365,0.163504293481516
06/03/21 12:15 AM,884 INFO scripts.BatchBoxCounting: boxCountingDurationResult:369,1.13344508366473,0.346877764891857
06/03/21 12:15 AM,504 INFO scripts.BatchBoxCounting: boxCountingDurationResult:370,0.127272727272727,0.043016509340615
06/03/21 12:15 AM,224 INFO scripts.BatchBoxCounting: boxCountingDurationResult:371,1.93535339875049,1.20704415632919
06/03/21 12:15 AM,929 INFO scripts.BatchBoxCounting: boxCountingDurationResult:372,1.89679558055733,1.28965234912726
06/03/21 12:15 AM,578 INFO scripts.BatchBoxCounting: boxCountingDurationResult:373,1.89634490736942,1.53129757081514
06/03/21 12:15 AM,276 INFO scripts.BatchBoxCounting: boxCountingDurationResult:374,1.7242592428473,1.46571495746321
06/03/21 12:15 AM,974 INFO scripts.BatchBoxCounting: boxCountingDurationResult:375,1.77661147575867,1.17823554756097
06/03/21 12:15 AM,625 INFO scripts.BatchBoxCounting: boxCountingDurationResult:376,1.28905967882679,1.41361133357591
06/03/21 12:15 AM,271 INFO scripts.BatchBoxCounting: boxCountingDurationResult:377,1.77619147690574,0.871448255802034
06/03/21 12:15 AM,905 INFO scripts.BatchBoxCounting: boxCountingDurationResult:378,1.41188059218488,1.2625752806746
06/03/21 12:15 AM,571 INFO scripts.BatchBoxCounting: boxCountingDurationResult:379,1.45482198573542,0.244074232954063
06/03/21 12:15 AM,220 INFO scripts.BatchBoxCounting: boxCountingDurationResult:380,1.29891711774671,0.220647548816091
06/03/21 12:15 AM,887 INFO scripts.BatchBoxCounting: boxCountingDurationResult:381,1.16783559963348,0.829398121534666
06/03/21 12:15 AM,550 INFO scripts.BatchBoxCounting: boxCountingDurationResult:382,0.95713506298706,0.503432873579275
06/03/21 12:15 AM,150 INFO scripts.BatchBoxCounting: boxCountingDurationResult:383,1.15058476736028,0.563787847634448
06/03/21 12:15 AM,762 INFO scripts.BatchBoxCounting: boxCountingDurationResult:384,0.937234558958073,0.273322504787193
06/03/21 12:15 AM,390 INFO scripts.BatchBoxCounting: boxCountingDurationResult:385,1.51556483688922,0.814315341314672
06/03/21 12:15 AM,051 INFO scripts.BatchBoxCounting: boxCountingDurationResult:386,1.53247772092038,0.4350199563756
06/03/21 12:15 AM,667 INFO scripts.BatchBoxCounting: boxCountingDurationResult:387,1.40712156094636,1.11405516427091
06/03/21 12:15 AM,240 INFO scripts.BatchBoxCounting: boxCountingDurationResult:388,1.70297473433941,0.828550504907783
06/03/21 12:15 AM,910 INFO scripts.BatchBoxCounting: boxCountingDurationResult:389,1.66738979306886,1.26979441966709
06/03/21 12:15 AM,600 INFO scripts.BatchBoxCounting: boxCountingDurationResult:390,1.53782948559119,1.23766113848471
06/03/21 12:15 AM,234 INFO scripts.BatchBoxCounting: boxCountingDurationResult:391,1.16096404744368,1.00159248363167
06/03/21 12:15 AM,962 INFO scripts.BatchBoxCounting: boxCountingDurationResult:392,1.76283600968869,1.10966776399547
06/03/21 12:15 AM,574 INFO scripts.BatchBoxCounting: boxCountingDurationResult:393,1.51353412159909,1.24934585941827
06/03/21 12:15 AM,186 INFO scripts.BatchBoxCounting: boxCountingDurationResult:394,0.792481250360573,0.26535726284941
06/03/21 12:15 AM,780 INFO scripts.BatchBoxCounting: boxCountingDurationResult:395,1.17228075311695,1.06669546516623
06/03/21 12:15 AM,474 INFO scripts.BatchBoxCounting: boxCountingDurationResult:396,1.79843071903939,1.16415295623447
06/03/21 12:15 AM,177 INFO scripts.BatchBoxCounting: boxCountingDurationResult:397,1.71126601791289,0.785827285462936
06/03/21 12:15 AM,842 INFO scripts.BatchBoxCounting: boxCountingDurationResult:398,1.85021985907055,0.855058051494385
06/03/21 12:15 AM,525 INFO scripts.BatchBoxCounting: boxCountingDurationResult:399,1.68317030992143,0.945580305103387
06/03/21 12:15 AM,179 INFO scripts.BatchBoxCounting: boxCountingDurationResult:400,1.76214348547525,0.848645079484423
06/03/21 12:15 AM,772 INFO scripts.BatchBoxCounting: boxCountingDurationResult:401,1.8857672769294,0.784654377640469
06/03/21 12:15 AM,410 INFO scripts.BatchBoxCounting: boxCountingDurationResult:402,1.77630972521953,0.87634064434497
06/03/21 12:15 AM,039 INFO scripts.BatchBoxCounting: boxCountingDurationResult:403,1.83824498845975,0.678125102285902
06/03/21 12:15 AM,870 INFO scripts.BatchBoxCounting: boxCountingDurationResult:404,1.83781593597821,0.973956562502449
06/03/21 12:15 AM,545 INFO scripts.BatchBoxCounting: boxCountingDurationResult:405,1.85224589312938,1.24114788203997
06/03/21 12:16 AM,155 INFO scripts.BatchBoxCounting: boxCountingDurationResult:406,1.92419086899363,1.24086110570807
06/03/21 12:16 AM,784 INFO scripts.BatchBoxCounting: boxCountingDurationResult:407,1.77731392067197,0.491621613567456
06/03/21 12:16 AM,380 INFO scripts.BatchBoxCounting: boxCountingDurationResult:408,1.27017567596529,0.593229408428849
06/03/21 12:16 AM,219 INFO scripts.BatchBoxCounting: boxCountingDurationResult:409,1.76576185145754,0.770086935195586
06/03/21 12:16 AM,888 INFO scripts.BatchBoxCounting: boxCountingDurationResult:410,1.25929574905132,0.742586318678129
06/03/21 12:16 AM,541 INFO scripts.BatchBoxCounting: boxCountingDurationResult:411,1.78770845188442,1.0164902146348
06/03/21 12:16 AM,144 INFO scripts.BatchBoxCounting: boxCountingDurationResult:412,1.34049149946974,0.740697606875317
06/03/21 12:16 AM,766 INFO scripts.BatchBoxCounting: boxCountingDurationResult:413,1.56917616649199,1.20513021391345
06/03/21 12:16 AM,400 INFO scripts.BatchBoxCounting: boxCountingDurationResult:414,1.82101662602783,1.11714392404431
06/03/21 12:16 AM,035 INFO scripts.BatchBoxCounting: boxCountingDurationResult:415,1.80861491861639,1.07404773904345
06/03/21 12:16 AM,689 INFO scripts.BatchBoxCounting: boxCountingDurationResult:416,1.9344079140574,0.918660421399504
06/03/21 12:16 AM,361 INFO scripts.BatchBoxCounting: boxCountingDurationResult:417,1.5865739540589,0.959801543208757
06/03/21 12:16 AM,030 INFO scripts.BatchBoxCounting: boxCountingDurationResult:418,1.77703025449894,1.14544676994275
06/03/21 12:16 AM,718 INFO scripts.BatchBoxCounting: boxCountingDurationResult:419,1.79843071903939,1.03270273415291
06/03/21 12:16 AM,357 INFO scripts.BatchBoxCounting: boxCountingDurationResult:420,1.51781195486536,0.770350486105156
06/03/21 12:16 AM,004 INFO scripts.BatchBoxCounting: boxCountingDurationResult:421,1.85021985907055,1.2079806242938
06/03/21 12:16 AM,658 INFO scripts.BatchBoxCounting: boxCountingDurationResult:422,1.37548875021635,0.682172121549635
06/03/21 12:16 AM,350 INFO scripts.BatchBoxCounting: boxCountingDurationResult:423,1.86800830224663,1.27786494073554
06/03/21 12:16 AM,079 INFO scripts.BatchBoxCounting: boxCountingDurationResult:424,1.93306785071221,1.06811426302549
06/03/21 12:16 AM,703 INFO scripts.BatchBoxCounting: boxCountingDurationResult:425,1.81925988495625,1.04110420605109
06/03/21 12:16 AM,329 INFO scripts.BatchBoxCounting: boxCountingDurationResult:426,1.87510201279541,1.22457840480914
06/03/21 12:16 AM,943 INFO scripts.BatchBoxCounting: boxCountingDurationResult:427,1.88416871877869,1.23369890080874
06/03/21 12:16 AM,564 INFO scripts.BatchBoxCounting: boxCountingDurationResult:428,1.74818861294838,0.732201911159904
06/03/21 12:16 AM,184 INFO scripts.BatchBoxCounting: boxCountingDurationResult:429,1.68472806694722,0.919296293290967
06/03/21 12:16 AM,801 INFO scripts.BatchBoxCounting: boxCountingDurationResult:430,1.17197720060868,0.511213008305581
